,user_id,qId,answered_correctly
0,1,1,0.25
1,1,2,0.3333333333333333
2,1,3,0.0
3,1,4,1.0
4,1,5,0.0
5,1,6,0.0
6,1,7,1.0
7,1,8,0.25
8,1,9,1.0
9,1,10,0.6666666666666666
10,1,11,1.0
11,1,12,0.5
12,1,13,1.0
13,1,14,0.5
14,1,15,0.6666666666666666
15,1,16,0.75
16,1,17,0.75
17,1,18,0.5
18,1,19,0.5
19,1,20,1.0
20,1,21,0.5
21,1,22,0.6666666666666666
22,1,23,0.3333333333333333
23,1,24,0.5
24,1,25,1.0
25,1,26,1.0
26,1,27,1.0
27,1,28,0.75
28,1,29,0.6666666666666666
29,1,30,1.0
30,1,31,1.0
31,1,32,0.5
32,1,33,0.6666666666666666
33,1,34,1.0
34,1,35,0.6666666666666666
35,1,36,0.5
36,1,37,1.0
37,1,38,0.2
38,1,39,1.0
39,1,40,1.0
40,1,41,1.0
41,1,42,0.5
42,1,43,1.0
43,1,44,1.0
44,1,45,1.0
45,1,46,1.0
46,1,47,1.0
47,1,48,1.0
48,1,49,0.75
49,1,50,0.5
50,1,51,1.0
51,1,52,1.0
52,1,53,0.5
53,1,54,0.5714285714285714
54,1,55,0.5
55,1,56,0.8
56,1,57,1.0
57,1,58,0.2
58,1,59,1.0
59,1,60,0.5
60,1,62,0.6666666666666666
61,1,63,1.0
62,1,65,0.5555555555555556
63,1,66,1.0
64,1,67,1.0
65,1,68,1.0
66,1,70,1.0
67,1,71,1.0
68,1,72,1.0
69,1,73,1.0
70,1,74,0.6
71,1,75,1.0
72,1,76,1.0
73,1,77,1.0
74,1,79,1.0
75,1,80,1.0
76,1,81,0.8
77,1,82,0.75
78,1,83,1.0
79,1,84,1.0
80,1,85,0.6
81,1,87,1.0
82,1,88,0.7142857142857143
83,1,89,0.6666666666666666
84,1,90,1.0
85,1,91,1.0
86,1,92,0.6
87,1,93,0.8888888888888888
88,1,94,1.0
89,1,95,0.6666666666666666
90,1,96,0.8571428571428571
91,1,97,0.8888888888888888
92,1,98,0.6
93,1,100,0.5
94,1,102,0.7857142857142857
95,1,103,0.875
96,1,104,0.8
97,1,105,0.6363636363636364
98,1,106,0.5
99,1,107,0.0
100,1,108,0.5714285714285714
101,1,110,1.0
102,1,111,0.75
103,1,112,0.6666666666666666
104,1,113,0.8333333333333334
105,1,115,0.8181818181818182
106,1,116,0.6
107,1,118,0.6666666666666666
108,1,119,0.8
109,1,120,1.0
110,1,121,1.0
111,1,123,0.8571428571428571
112,1,124,0.875
113,1,126,0.7142857142857143
114,1,127,1.0
115,1,128,0.7777777777777778
116,1,129,1.0
117,1,130,0.5714285714285714
118,1,131,0.75
119,1,133,0.6
120,1,134,0.7272727272727273
121,1,135,1.0
122,1,137,0.75
123,1,138,1.0
124,1,139,1.0
125,1,140,0.4
126,1,141,0.5555555555555556
127,1,142,1.0
128,1,143,1.0
129,1,144,0.6
130,1,145,1.0
131,1,146,0.6666666666666666
132,1,147,1.0
133,1,149,1.0
134,1,150,0.4
135,2,7,0.5555555555555556
136,2,8,0.2857142857142857
137,2,9,0.5
138,2,10,0.75
139,2,11,0.8333333333333334
140,2,12,0.4
141,2,13,0.5
142,2,14,0.6923076923076923
143,2,15,0.5
144,2,16,0.6666666666666666
145,2,17,0.3333333333333333
146,2,18,0.6666666666666666
147,2,19,0.4
148,2,20,1.0
149,2,21,0.75
150,2,22,0.75
151,2,23,0.4
152,2,24,0.5714285714285714
153,2,25,0.4
154,2,26,0.42857142857142855
155,2,27,0.4545454545454545
156,2,28,0.8333333333333334
157,2,29,1.0
158,2,30,1.0
159,2,31,0.6
160,2,32,1.0
161,2,33,1.0
162,2,34,0.5
163,2,35,0.5
164,2,36,0.3076923076923077
165,2,37,0.6
166,2,38,0.3333333333333333
167,2,39,1.0
168,2,40,0.5714285714285714
169,2,41,1.0
170,2,42,0.5714285714285714
171,2,43,0.4444444444444444
172,2,44,0.625
173,2,45,0.5714285714285714
174,2,46,0.8333333333333334
175,2,47,0.6666666666666666
176,2,48,1.0
177,2,49,0.3333333333333333
178,2,50,0.6666666666666666
179,2,51,0.5
180,2,52,0.6666666666666666
181,2,53,0.25
182,2,54,1.0
183,2,55,0.5
184,2,56,0.4
185,2,57,1.0
186,2,58,0.4
187,2,59,0.5
188,2,60,1.0
189,2,61,1.0
190,2,62,0.5
191,2,63,0.5
192,2,64,0.6666666666666666
193,2,65,0.6666666666666666
194,2,66,0.3333333333333333
195,2,67,1.0
196,2,68,0.2
197,2,69,1.0
198,2,70,1.0
199,2,71,0.5
200,2,72,0.5
201,2,73,0.5
202,2,74,1.0
203,2,75,0.2
204,2,76,0.5
205,2,77,1.0
206,2,78,1.0
207,2,79,1.0
208,2,80,0.5
209,2,81,1.0
210,2,82,1.0
211,2,83,0.0
212,2,84,0.3333333333333333
213,2,85,0.6
214,2,86,0.6666666666666666
215,2,87,0.5
216,2,88,1.0
217,2,89,0.6
218,2,90,1.0
219,2,91,0.5
220,2,92,0.5
221,2,93,1.0
222,2,94,0.3333333333333333
223,2,95,0.42857142857142855
224,2,96,1.0
225,2,97,0.5
226,2,98,0.6666666666666666
227,2,99,0.5
228,2,100,1.0
229,2,101,1.0
230,2,102,0.2
231,2,103,1.0
232,2,104,0.5
233,2,105,0.5
234,2,106,0.5
235,2,107,1.0
236,2,108,0.75
237,2,109,1.0
238,2,110,1.0
239,2,111,0.16666666666666666
240,2,112,0.6666666666666666
241,2,113,0.4
242,2,114,0.4
243,2,115,0.6666666666666666
244,2,116,0.5
245,2,117,1.0
246,2,118,0.4
247,2,119,0.5
248,2,120,1.0
249,2,121,1.0
250,2,122,1.0
251,2,123,0.5
252,2,124,0.5
253,2,125,0.6666666666666666
254,2,126,0.3333333333333333
255,2,127,1.0
256,2,128,0.5
257,2,129,0.5
258,2,130,0.4
259,2,131,0.5
260,2,132,0.2857142857142857
261,2,133,0.5
262,2,134,0.2857142857142857
263,2,135,0.6666666666666666
264,2,136,0.5
265,2,137,0.5
266,2,138,0.3333333333333333
267,2,139,0.5
268,2,140,0.6666666666666666
269,2,141,1.0
270,2,142,0.75
271,2,143,1.0
272,2,148,0.6666666666666666
273,2,149,0.2
274,2,150,0.4
275,3,7,0.8
276,3,8,1.0
277,3,9,0.3
278,3,10,1.0
279,3,11,0.4545454545454545
280,3,12,0.0
281,3,14,0.3333333333333333
282,3,15,0.4
283,3,16,0.5
284,3,17,0.5
285,3,18,0.5
286,3,19,0.5
287,3,20,0.5
288,3,21,0.5
289,3,23,0.16666666666666666
290,3,26,0.5
291,3,27,0.16666666666666666
292,3,28,0.3636363636363637
293,3,29,0.5
294,3,30,1.0
295,3,31,0.0
296,3,32,0.0
297,3,34,0.6
298,3,35,0.5
299,3,36,0.8571428571428571
300,3,37,0.0
301,3,38,0.25
302,3,41,0.2727272727272727
303,3,42,0.3333333333333333
304,3,43,0.4
305,3,44,0.0
306,3,46,0.5
307,3,47,1.0
308,3,48,0.3333333333333333
309,3,49,0.6666666666666666
310,3,50,0.14285714285714285
311,3,51,0.3333333333333333
312,3,52,0.8333333333333334
313,3,53,0.0
314,3,54,1.0
315,3,55,0.14285714285714285
316,3,56,0.4
317,3,58,0.2222222222222222
318,3,59,0.5
319,3,61,0.8
320,3,62,0.4444444444444444
321,3,63,0.75
322,3,65,0.3333333333333333
323,3,66,0.0
324,3,67,0.0
325,3,68,0.75
326,3,70,0.5714285714285714
327,3,71,0.0
328,3,72,0.4
329,3,73,0.4444444444444444
330,3,74,0.8333333333333334
331,3,75,0.6666666666666666
332,3,76,1.0
333,3,80,0.2222222222222222
334,3,82,0.14285714285714285
335,3,83,0.25
336,3,84,0.6
337,3,85,0.25
338,3,86,0.5
339,3,87,0.6
340,3,88,0.6666666666666666
341,3,89,0.3333333333333333
342,3,90,0.2
343,3,91,0.16666666666666666
344,3,92,0.5
345,3,93,0.8
346,3,95,0.4
347,3,97,0.5
348,3,98,0.3333333333333333
349,3,99,0.5
350,3,100,0.3333333333333333
351,3,103,0.4
352,3,104,0.6666666666666666
353,3,107,0.2857142857142857
354,3,108,0.5
355,3,109,1.0
356,3,111,0.09090909090909093
357,3,112,1.0
358,3,113,0.16666666666666666
359,3,114,0.42857142857142855
360,3,115,0.2222222222222222
361,3,116,0.2
362,3,117,0.1111111111111111
363,3,118,0.3
364,3,119,0.8
365,3,121,0.6666666666666666
366,3,123,0.6
367,3,124,0.6
368,3,125,0.5
369,3,126,0.3333333333333333
370,3,130,0.2
371,3,131,0.25
372,3,132,0.625
373,3,133,0.5
374,3,134,0.75
375,3,136,0.4
376,3,137,0.5555555555555556
377,3,138,0.2857142857142857
378,3,139,0.2857142857142857
379,3,140,0.25
380,3,141,0.16666666666666666
381,3,143,0.38461538461538464
382,3,146,0.6666666666666666
383,3,147,0.0
384,3,149,0.5
385,3,150,0.6666666666666666
386,4,1,1.0
387,4,2,0.9861111111111112
388,4,3,0.9736842105263158
389,4,4,0.5
390,4,5,0.8
391,4,6,0.9361702127659576
392,4,7,0.5
393,4,8,1.0
394,4,10,1.0
395,4,11,0.6666666666666666
396,4,12,0.3333333333333333
397,4,13,0.4
398,4,14,1.0
399,4,15,0.3333333333333333
400,4,16,1.0
401,4,17,1.0
402,4,18,1.0
403,4,19,0.16666666666666666
404,4,20,1.0
405,4,21,1.0
406,4,22,1.0
407,4,23,1.0
408,4,24,0.5
409,4,25,0.5
410,4,26,0.5
411,4,27,0.25
412,4,28,1.0
413,4,29,0.3333333333333333
414,4,30,0.5
415,4,31,0.2
416,4,32,1.0
417,4,33,1.0
418,4,34,0.5714285714285714
419,4,35,1.0
420,4,36,0.4
421,4,37,1.0
422,4,38,0.4
423,4,39,1.0
424,4,40,0.5
425,4,41,0.6666666666666666
426,4,42,1.0
427,4,43,0.5
428,4,44,0.5
429,4,45,0.5
430,4,46,0.6666666666666666
431,4,47,1.0
432,4,58,0.6666666666666666
433,4,61,1.0
434,4,63,1.0
435,4,70,1.0
436,4,71,0.5
437,4,83,0.5
438,4,86,1.0
439,4,91,1.0
440,4,92,0.5
441,4,102,1.0
442,4,111,1.0
443,4,112,1.0
444,4,119,0.5
445,4,121,0.5
446,4,131,1.0
447,4,143,0.5
448,4,144,0.9629629629629628
449,4,145,1.0
450,4,146,0.9714285714285714
451,4,147,0.9864864864864864
452,5,7,0.0
453,5,10,1.0
454,5,12,1.0
455,5,13,0.5
456,5,14,0.5
457,5,15,1.0
458,5,16,0.5
459,5,17,1.0
460,5,19,0.0
461,5,20,0.0
462,5,21,1.0
463,5,23,0.0
464,5,24,1.0
465,5,26,0.6
466,5,27,1.0
467,5,28,0.0
468,5,29,1.0
469,5,30,1.0
470,5,31,0.5
471,5,32,1.0
472,5,34,1.0
473,5,35,1.0
474,5,36,0.5
475,5,37,1.0
476,5,38,0.0
477,5,39,1.0
478,5,42,0.3333333333333333
479,5,43,0.5
480,5,44,1.0
481,5,45,0.0
482,5,46,1.0
483,5,49,0.3333333333333333
484,5,50,0.75
485,5,51,1.0
486,5,52,1.0
487,5,53,1.0
488,5,56,0.75
489,5,58,0.5
490,5,59,0.25
491,5,62,0.2
492,5,63,1.0
493,5,64,0.9
494,5,65,0.6666666666666666
495,5,71,0.75
496,5,72,1.0
497,5,74,1.0
498,5,76,0.6666666666666666
499,5,78,1.0
500,5,79,0.8571428571428571
501,5,80,0.4444444444444444
502,5,81,0.5
503,5,82,0.9
504,5,83,0.4
505,5,84,0.5
506,5,85,0.125
507,5,86,0.6666666666666666
508,5,88,0.0
509,5,89,0.9285714285714286
510,5,91,0.3333333333333333
511,5,92,1.0
512,5,93,0.75
513,5,94,0.6363636363636364
514,5,95,0.7272727272727273
515,5,96,0.8461538461538461
516,5,97,0.75
517,5,99,1.0
518,5,100,0.9375
519,5,102,0.5
520,5,104,1.0
521,5,105,1.0
522,5,106,0.5
523,5,108,0.2
524,5,109,1.0
525,5,110,0.5
526,5,111,0.0
527,5,112,1.0
528,5,113,0.7333333333333333
529,5,114,0.5
530,5,116,0.25
531,5,117,1.0
532,5,118,0.2222222222222222
533,5,119,0.8181818181818182
534,5,120,0.8333333333333334
535,5,121,0.3333333333333333
536,5,122,1.0
537,5,123,0.42857142857142855
538,5,124,1.0
539,5,126,0.0
540,5,129,0.3333333333333333
541,5,130,0.3076923076923077
542,5,131,0.8571428571428571
543,5,132,1.0
544,5,133,1.0
545,5,135,0.8571428571428571
546,5,136,0.8461538461538461
547,5,137,0.7777777777777778
548,5,138,0.0
549,5,140,0.42857142857142855
550,5,141,0.75
551,5,149,0.5
552,5,150,0.8
553,6,1,0.5
554,6,2,1.0
555,6,3,0.0
556,6,4,1.0
557,6,5,1.0
558,6,6,0.0
559,6,7,0.3333333333333333
560,6,8,1.0
561,6,9,1.0
562,6,10,0.8695652173913043
563,6,11,0.5
564,6,12,0.8571428571428571
565,6,13,0.75
566,6,14,0.4
567,6,15,0.5
568,6,16,0.9
569,6,17,0.7333333333333333
570,6,18,0.6
571,6,19,0.7894736842105263
572,6,20,0.4
573,6,21,1.0
574,6,22,1.0
575,6,23,0.9130434782608696
576,6,24,1.0
577,6,25,0.6666666666666666
578,6,26,0.5
579,6,27,0.925925925925926
580,6,28,0.75
581,6,29,1.0
582,6,30,1.0
583,6,31,0.9047619047619048
584,6,32,0.3333333333333333
585,6,33,0.8181818181818182
586,6,34,1.0
587,6,35,0.8333333333333334
588,6,36,0.75
589,6,37,0.8333333333333334
590,6,38,0.3333333333333333
591,6,39,0.75
592,6,40,0.5
593,6,41,1.0
594,6,42,0.75
595,6,43,0.8
596,6,44,0.7333333333333333
597,6,45,1.0
598,6,46,0.9090909090909092
599,6,47,0.25
600,6,48,1.0
601,6,49,0.3333333333333333
602,6,50,0.5
603,6,51,1.0
604,6,52,1.0
605,6,53,1.0
606,6,54,1.0
607,6,56,0.5
608,6,57,1.0
609,6,58,1.0
610,6,59,1.0
611,6,61,1.0
612,6,62,0.3333333333333333
613,6,63,1.0
614,6,64,1.0
615,6,65,0.5
616,6,66,1.0
617,6,67,1.0
618,6,68,1.0
619,6,71,0.5
620,6,72,1.0
621,6,74,1.0
622,6,75,0.5
623,6,76,1.0
624,6,78,0.6666666666666666
625,6,80,1.0
626,6,81,1.0
627,6,82,0.0
628,6,83,0.5
629,6,84,1.0
630,6,85,0.5
631,6,86,0.5
632,6,87,1.0
633,6,88,1.0
634,6,89,1.0
635,6,90,1.0
636,6,91,0.0
637,6,92,0.5
638,6,93,1.0
639,6,94,0.5
640,6,95,1.0
641,6,96,1.0
642,6,97,1.0
643,6,98,0.5
644,6,100,1.0
645,6,101,1.0
646,6,102,1.0
647,6,103,1.0
648,6,104,1.0
649,6,106,0.3333333333333333
650,6,107,0.5
651,6,108,0.3333333333333333
652,6,109,1.0
653,6,110,1.0
654,6,111,1.0
655,6,112,0.5
656,6,113,0.5
657,6,114,1.0
658,6,115,0.25
659,6,116,1.0
660,6,117,1.0
661,6,118,0.5
662,6,119,0.0
663,6,121,1.0
664,6,123,0.0
665,6,124,1.0
666,6,126,1.0
667,6,127,1.0
668,6,129,1.0
669,6,130,1.0
670,6,131,1.0
671,6,132,1.0
672,6,133,1.0
673,6,134,1.0
674,6,136,1.0
675,6,137,1.0
676,6,138,1.0
677,6,140,0.0
678,6,141,0.5
679,6,143,0.5
680,6,144,0.0
681,6,145,1.0
682,6,146,0.5
683,6,147,0.5
684,6,149,0.5
685,6,150,1.0
686,7,7,1.0
687,7,8,0.6666666666666666
688,7,9,1.0
689,7,10,0.5
690,7,11,1.0
691,7,12,0.3333333333333333
692,7,13,1.0
693,7,14,1.0
694,7,15,1.0
695,7,16,1.0
696,7,17,0.5
697,7,18,0.6666666666666666
698,7,19,0.5
699,7,20,0.5
700,7,21,0.6666666666666666
701,7,22,1.0
702,7,23,0.0
703,7,24,0.5
704,7,25,1.0
705,7,26,0.0
706,7,27,0.5
707,7,28,0.0
708,7,29,0.5
709,7,30,0.5
710,7,31,0.5
711,7,32,0.5
712,7,33,1.0
713,7,34,1.0
714,7,35,0.3333333333333333
715,7,36,0.25
716,7,37,1.0
717,7,38,0.0
718,7,39,0.0
719,7,40,0.3333333333333333
720,7,41,0.0
721,7,42,1.0
722,7,43,0.5
723,7,44,0.5
724,7,45,1.0
725,7,46,1.0
726,7,47,0.3333333333333333
727,7,48,1.0
728,7,49,0.75
729,7,50,0.5
730,7,51,0.0
731,7,52,1.0
732,7,53,0.5
733,7,54,0.75
734,7,55,0.75
735,7,56,0.0
736,7,57,0.6666666666666666
737,7,58,0.5
738,7,59,0.5
739,7,60,0.75
740,7,61,1.0
741,7,62,0.0
742,7,63,1.0
743,7,64,1.0
744,7,65,0.0
745,7,66,0.0
746,7,67,0.75
747,7,68,0.5
748,7,69,0.8
749,7,70,0.75
750,7,71,0.5
751,7,72,0.75
752,7,73,0.5
753,7,74,0.75
754,7,75,0.0
755,7,76,1.0
756,7,77,0.5
757,7,78,0.75
758,7,79,0.25
759,7,80,0.5
760,7,81,0.25
761,7,82,0.25
762,7,83,0.0
763,7,84,0.5
764,7,85,0.8
765,7,86,0.0
766,7,87,0.5
767,7,88,0.0
768,7,89,0.6
769,7,90,1.0
770,7,91,0.25
771,7,92,0.0
772,7,93,0.75
773,7,94,0.0
774,7,95,0.6
775,7,96,0.5
776,7,97,0.0
777,7,98,0.75
778,7,99,0.4
779,7,100,1.0
780,7,101,1.0
781,7,102,0.4
782,7,103,0.25
783,7,104,0.25
784,7,105,0.25
785,7,106,0.0
786,7,108,1.0
787,7,109,1.0
788,7,110,0.75
789,7,111,0.0
790,7,112,0.6
791,7,113,0.75
792,7,114,0.0
793,7,115,0.25
794,7,116,0.5
795,7,117,0.25
796,7,118,0.25
797,7,119,1.0
798,7,120,0.6
799,7,121,1.0
800,7,122,0.25
801,7,123,1.0
802,7,124,1.0
803,7,125,0.75
804,7,126,0.2
805,7,127,0.75
806,7,128,0.75
807,7,129,0.0
808,7,130,0.0
809,7,131,0.0
810,7,132,0.5
811,7,133,0.25
812,7,134,0.75
813,7,135,0.75
814,7,136,0.6666666666666666
815,7,137,0.5
816,7,138,0.75
817,7,139,0.25
818,7,140,0.8
819,7,141,0.5
820,7,142,0.5
821,7,143,0.75
822,7,146,0.5
823,7,148,0.8
824,7,149,1.0
825,7,150,0.75
826,8,1,0.75
827,8,2,0.75
828,8,3,0.75
829,8,4,1.0
830,8,5,0.8333333333333334
831,8,6,1.0
832,8,7,0.5
833,8,10,1.0
834,8,11,1.0
835,8,13,1.0
836,8,14,0.8571428571428571
837,8,15,1.0
838,8,16,0.3333333333333333
839,8,18,1.0
840,8,20,1.0
841,8,21,0.9285714285714286
842,8,26,0.8333333333333334
843,8,27,0.75
844,8,29,0.75
845,8,30,1.0
846,8,33,1.0
847,8,34,1.0
848,8,35,0.7142857142857143
849,8,36,0.6666666666666666
850,8,37,0.75
851,8,38,0.4
852,8,39,1.0
853,8,40,0.0
854,8,41,1.0
855,8,42,1.0
856,8,46,1.0
857,8,47,1.0
858,8,48,1.0
859,8,49,0.6666666666666666
860,8,50,1.0
861,8,51,0.6666666666666666
862,8,52,1.0
863,8,53,1.0
864,8,54,0.7777777777777778
865,8,56,0.7142857142857143
866,8,58,0.5555555555555556
867,8,59,1.0
868,8,60,1.0
869,8,61,0.6666666666666666
870,8,62,1.0
871,8,63,1.0
872,8,64,1.0
873,8,65,0.75
874,8,66,1.0
875,8,67,1.0
876,8,68,1.0
877,8,71,1.0
878,8,72,0.6666666666666666
879,8,73,0.8333333333333334
880,8,74,0.6666666666666666
881,8,75,1.0
882,8,76,0.5
883,8,77,1.0
884,8,79,1.0
885,8,80,0.75
886,8,81,1.0
887,8,82,0.75
888,8,83,0.7142857142857143
889,8,84,0.7142857142857143
890,8,85,0.5454545454545454
891,8,86,1.0
892,8,87,1.0
893,8,88,0.75
894,8,89,1.0
895,8,90,0.5555555555555556
896,8,91,1.0
897,8,92,1.0
898,8,93,1.0
899,8,94,1.0
900,8,95,1.0
901,8,97,0.75
902,8,98,1.0
903,8,99,1.0
904,8,100,1.0
905,8,101,0.8
906,8,102,0.6666666666666666
907,8,103,1.0
908,8,104,0.75
909,8,106,1.0
910,8,107,1.0
911,8,108,1.0
912,8,109,0.625
913,8,111,0.6666666666666666
914,8,113,1.0
915,8,114,0.6666666666666666
916,8,115,0.6666666666666666
917,8,116,0.625
918,8,117,1.0
919,8,118,0.6
920,8,119,0.5714285714285714
921,8,121,0.75
922,8,122,1.0
923,8,123,1.0
924,8,124,0.75
925,8,125,1.0
926,8,126,0.75
927,8,127,0.8888888888888888
928,8,128,1.0
929,8,129,0.5
930,8,130,1.0
931,8,131,0.5714285714285714
932,8,134,1.0
933,8,135,1.0
934,8,138,1.0
935,8,139,1.0
936,8,140,0.6666666666666666
937,8,141,0.6
938,8,143,0.875
939,8,144,0.4
940,8,145,0.8
941,8,146,0.6666666666666666
942,8,147,0.75
943,8,148,1.0
944,8,149,0.8333333333333334
945,8,150,0.5714285714285714
946,9,7,0.75
947,9,8,1.0
948,9,9,1.0
949,9,10,1.0
950,9,11,0.8571428571428571
951,9,12,1.0
952,9,13,1.0
953,9,14,1.0
954,9,16,0.8888888888888888
955,9,17,1.0
956,9,18,1.0
957,9,19,0.8888888888888888
958,9,20,1.0
959,9,21,1.0
960,9,22,1.0
961,9,23,0.75
962,9,24,1.0
963,9,25,1.0
964,9,26,0.25
965,9,27,1.0
966,9,28,1.0
967,9,29,0.8
968,9,30,0.6666666666666666
969,9,31,1.0
970,9,32,1.0
971,9,33,1.0
972,9,34,0.8888888888888888
973,9,35,1.0
974,9,36,0.9
975,9,37,1.0
976,9,38,0.3333333333333333
977,9,39,1.0
978,9,40,0.8571428571428571
979,9,41,0.8
980,9,42,1.0
981,9,43,0.8333333333333334
982,9,44,1.0
983,9,45,1.0
984,9,46,1.0
985,9,47,1.0
986,9,48,1.0
987,9,49,1.0
988,9,50,0.0
989,9,51,0.75
990,9,52,0.9166666666666666
991,9,53,0.8181818181818182
992,9,54,0.8
993,9,55,0.6666666666666666
994,9,56,0.8571428571428571
995,9,58,0.0
996,9,59,1.0
997,9,60,0.0
998,9,62,0.5
999,9,65,0.75
1000,9,66,0.8571428571428571
1001,9,67,1.0
1002,9,68,0.75
1003,9,70,0.75
1004,9,71,0.7142857142857143
1005,9,72,1.0
1006,9,73,1.0
1007,9,74,1.0
1008,9,75,0.6666666666666666
1009,9,76,1.0
1010,9,77,0.3333333333333333
1011,9,79,0.9166666666666666
1012,9,80,0.0
1013,9,81,0.5
1014,9,82,1.0
1015,9,83,0.0
1016,9,84,0.6666666666666666
1017,9,85,1.0
1018,9,87,1.0
1019,9,88,1.0
1020,9,89,1.0
1021,9,90,0.75
1022,9,91,0.8333333333333334
1023,9,92,1.0
1024,9,95,0.0
1025,9,97,0.8571428571428571
1026,9,98,1.0
1027,9,100,1.0
1028,9,102,0.0
1029,9,103,0.5
1030,9,106,0.7142857142857143
1031,9,108,1.0
1032,9,110,1.0
1033,9,111,1.0
1034,9,112,1.0
1035,9,113,1.0
1036,9,114,1.0
1037,9,116,0.6666666666666666
1038,9,117,1.0
1039,9,118,0.75
1040,9,119,0.5
1041,9,120,1.0
1042,9,121,1.0
1043,9,123,1.0
1044,9,124,1.0
1045,9,126,1.0
1046,9,127,1.0
1047,9,129,0.8571428571428571
1048,9,130,0.0
1049,9,133,1.0
1050,9,134,0.8
1051,9,135,0.8888888888888888
1052,9,138,1.0
1053,9,139,1.0
1054,9,140,0.0
1055,9,141,1.0
1056,9,143,0.9
1057,9,149,0.5
1058,9,150,1.0
1059,10,2,0.5
1060,10,3,0.3333333333333333
1061,10,4,1.0
1062,10,5,0.0
1063,10,6,0.6666666666666666
1064,10,7,0.5
1065,10,9,1.0
1066,10,10,1.0
1067,10,11,1.0
1068,10,12,1.0
1069,10,13,1.0
1070,10,14,0.3333333333333333
1071,10,15,1.0
1072,10,16,1.0
1073,10,17,1.0
1074,10,18,1.0
1075,10,19,0.0
1076,10,20,0.3333333333333333
1077,10,21,1.0
1078,10,22,1.0
1079,10,23,0.4
1080,10,24,1.0
1081,10,25,1.0
1082,10,26,1.0
1083,10,27,0.3333333333333333
1084,10,28,1.0
1085,10,29,0.5
1086,10,30,0.5
1087,10,31,0.5
1088,10,32,1.0
1089,10,33,1.0
1090,10,34,1.0
1091,10,35,0.5
1092,10,36,0.6666666666666666
1093,10,37,1.0
1094,10,38,0.0
1095,10,39,1.0
1096,10,40,0.5
1097,10,41,1.0
1098,10,42,1.0
1099,10,43,0.0
1100,10,44,1.0
1101,10,45,1.0
1102,10,46,0.5
1103,10,47,1.0
1104,10,48,0.057142857142857134
1105,10,49,0.05555555555555555
1106,10,50,0.0
1107,10,51,0.7777777777777778
1108,10,52,0.027777777777777776
1109,10,53,0.6956521739130435
1110,10,54,0.027777777777777776
1111,10,55,0.037037037037037035
1112,10,56,0.8421052631578947
1113,10,57,0.08571428571428573
1114,10,60,0.060606060606060615
1115,10,64,1.0
1116,10,65,0.5
1117,10,66,0.5
1118,10,68,0.054054054054054064
1119,10,70,0.03333333333333333
1120,10,71,0.047619047619047616
1121,10,72,0.9411764705882352
1122,10,75,0.125
1123,10,78,0.15
1124,10,79,0.060606060606060615
1125,10,80,0.07142857142857142
1126,10,81,0.0
1127,10,82,0.6153846153846154
1128,10,83,0.05555555555555555
1129,10,84,0.6428571428571429
1130,10,85,0.75
1131,10,87,0.7222222222222222
1132,10,89,0.03571428571428571
1133,10,90,0.0625
1134,10,93,0.030303030303030307
1135,10,96,0.043478260869565216
1136,10,98,0.12
1137,10,100,0.75
1138,10,101,0.043478260869565216
1139,10,103,0.3333333333333333
1140,10,104,1.0
1141,10,105,0.9230769230769232
1142,10,107,0.11428571428571427
1143,10,108,0.1
1144,10,110,0.05263157894736842
1145,10,111,0.10714285714285714
1146,10,112,0.06896551724137931
1147,10,114,0.054054054054054064
1148,10,116,0.05263157894736842
1149,10,118,0.0
1150,10,120,0.05555555555555555
1151,10,123,0.0625
1152,10,124,0.075
1153,10,126,0.0
1154,10,127,0.75
1155,10,129,1.0
1156,10,130,0.05
1157,10,132,0.05882352941176471
1158,10,133,0.03333333333333333
1159,10,134,0.0
1160,10,135,0.05128205128205128
1161,10,136,0.06666666666666668
1162,10,137,0.9166666666666666
1163,10,138,1.0
1164,10,142,0.68
1165,10,143,0.05882352941176471
1166,10,144,0.5
1167,10,145,1.0
1168,10,146,0.5
1169,10,147,0.5
1170,10,148,0.027777777777777776
1171,10,149,0.6470588235294118
1172,10,150,0.05
1173,11,2,0.0
1174,11,3,0.0
1175,11,7,0.5
1176,11,8,0.5
1177,11,9,0.8333333333333334
1178,11,10,0.4
1179,11,11,0.8333333333333334
1180,11,12,1.0
1181,11,13,0.8333333333333334
1182,11,14,0.14285714285714285
1183,11,15,0.8333333333333334
1184,11,16,0.8571428571428571
1185,11,17,0.8
1186,11,18,1.0
1187,11,19,0.0
1188,11,20,0.8
1189,11,21,0.5714285714285714
1190,11,22,0.8571428571428571
1191,11,23,0.14285714285714285
1192,11,24,0.8571428571428571
1193,11,25,0.6666666666666666
1194,11,26,0.875
1195,11,27,0.5
1196,11,28,1.0
1197,11,29,0.8333333333333334
1198,11,30,0.5
1199,11,31,0.16666666666666666
1200,11,32,0.5
1201,11,33,1.0
1202,11,34,1.0
1203,11,35,0.25
1204,11,36,0.4444444444444444
1205,11,37,0.25
1206,11,38,0.0
1207,11,39,0.6
1208,11,40,0.8333333333333334
1209,11,41,1.0
1210,11,42,0.8
1211,11,43,0.42857142857142855
1212,11,44,0.6666666666666666
1213,11,45,1.0
1214,11,46,0.8333333333333334
1215,11,47,0.6666666666666666
1216,11,48,1.0
1217,11,49,0.25
1218,11,50,1.0
1219,11,51,0.75
1220,11,52,1.0
1221,11,53,1.0
1222,11,54,0.3333333333333333
1223,11,55,1.0
1224,11,57,0.8333333333333334
1225,11,58,0.0
1226,11,59,1.0
1227,11,60,0.5
1228,11,61,1.0
1229,11,62,0.5
1230,11,63,0.75
1231,11,64,0.75
1232,11,65,0.3333333333333333
1233,11,66,0.3333333333333333
1234,11,67,1.0
1235,11,68,1.0
1236,11,69,1.0
1237,11,70,0.5
1238,11,71,0.5
1239,11,72,0.6666666666666666
1240,11,73,1.0
1241,11,74,1.0
1242,11,75,0.0
1243,11,76,0.6666666666666666
1244,11,77,0.6666666666666666
1245,11,78,0.6
1246,11,79,1.0
1247,11,80,0.0
1248,11,81,0.6666666666666666
1249,11,82,1.0
1250,11,83,0.25
1251,11,84,0.25
1252,11,85,0.0
1253,11,86,0.5
1254,11,87,1.0
1255,11,88,0.5
1256,11,89,0.0
1257,11,90,1.0
1258,11,91,0.3333333333333333
1259,11,92,0.4
1260,11,93,0.6
1261,11,94,0.5
1262,11,95,0.5
1263,11,96,0.4
1264,11,97,0.5
1265,11,98,1.0
1266,11,99,0.6
1267,11,100,0.6666666666666666
1268,11,101,0.3333333333333333
1269,11,102,0.5
1270,11,103,0.0
1271,11,104,0.25
1272,11,105,0.3333333333333333
1273,11,106,0.3333333333333333
1274,11,107,1.0
1275,11,108,1.0
1276,11,109,1.0
1277,11,110,0.5
1278,11,111,0.25
1279,11,112,1.0
1280,11,113,0.6666666666666666
1281,11,114,1.0
1282,11,115,1.0
1283,11,116,0.0
1284,11,117,0.5
1285,11,118,0.6666666666666666
1286,11,119,0.0
1287,11,120,1.0
1288,11,121,0.5
1289,11,122,0.5
1290,11,123,1.0
1291,11,124,0.0
1292,11,125,0.75
1293,11,126,0.5
1294,11,127,0.5
1295,11,128,0.6666666666666666
1296,11,129,0.4
1297,11,130,0.25
1298,11,131,0.2
1299,11,132,0.5
1300,11,133,0.0
1301,11,134,0.5555555555555556
1302,11,135,0.0
1303,11,136,0.8333333333333334
1304,11,137,1.0
1305,11,138,0.4
1306,11,139,1.0
1307,11,140,0.5
1308,11,141,0.0
1309,11,142,0.25
1310,11,143,0.5
1311,11,146,1.0
1312,11,148,1.0
1313,11,149,0.25
1314,11,150,1.0
1315,12,7,0.25
1316,12,8,1.0
1317,12,9,1.0
1318,12,10,1.0
1319,12,11,1.0
1320,12,12,0.3333333333333333
1321,12,13,0.6666666666666666
1322,12,14,0.3333333333333333
1323,12,15,1.0
1324,12,16,0.6666666666666666
1325,12,17,1.0
1326,12,18,0.6
1327,12,19,0.0
1328,12,20,0.75
1329,12,21,0.8333333333333334
1330,12,22,0.8333333333333334
1331,12,23,0.0
1332,12,24,1.0
1333,12,25,0.6
1334,12,26,0.0
1335,12,27,0.6666666666666666
1336,12,28,1.0
1337,12,29,0.0
1338,12,30,0.8333333333333334
1339,12,31,0.5
1340,12,32,1.0
1341,12,33,0.8333333333333334
1342,12,34,1.0
1343,12,35,0.0
1344,12,36,0.25
1345,12,37,0.8
1346,12,38,0.0
1347,12,39,0.8571428571428571
1348,12,40,0.5
1349,12,41,0.75
1350,12,42,1.0
1351,12,43,0.0
1352,12,44,0.0
1353,12,45,0.3333333333333333
1354,12,46,0.25
1355,12,47,1.0
1356,12,48,0.8571428571428571
1357,12,49,0.3333333333333333
1358,12,50,0.5
1359,12,51,0.0
1360,12,52,1.0
1361,12,53,0.0
1362,12,54,0.5
1363,12,55,0.5
1364,12,56,0.0
1365,12,57,1.0
1366,12,58,0.0
1367,12,59,0.6666666666666666
1368,12,60,1.0
1369,12,61,1.0
1370,12,62,0.0
1371,12,63,0.8
1372,12,64,0.8
1373,12,65,0.3333333333333333
1374,12,66,0.4
1375,12,67,1.0
1376,12,68,1.0
1377,12,70,0.8
1378,12,71,0.3333333333333333
1379,12,72,1.0
1380,12,73,0.6
1381,12,75,0.4
1382,12,76,1.0
1383,12,77,1.0
1384,12,79,0.5
1385,12,80,0.2857142857142857
1386,12,81,0.16666666666666666
1387,12,82,0.3333333333333333
1388,12,83,0.5
1389,12,84,0.2
1390,12,85,0.3333333333333333
1391,12,86,0.6666666666666666
1392,12,87,1.0
1393,12,88,1.0
1394,12,89,1.0
1395,12,90,0.6666666666666666
1396,12,91,1.0
1397,12,92,0.75
1398,12,93,0.7142857142857143
1399,12,94,0.5
1400,12,95,1.0
1401,12,96,0.9
1402,12,97,0.2
1403,12,98,0.5
1404,12,99,0.75
1405,12,100,0.625
1406,12,101,0.875
1407,12,102,0.2
1408,12,103,0.0
1409,12,104,0.875
1410,12,105,0.42857142857142855
1411,12,106,0.2
1412,12,108,0.0
1413,12,109,1.0
1414,12,110,1.0
1415,12,111,0.16666666666666666
1416,12,112,0.6666666666666666
1417,12,114,1.0
1418,12,115,0.4
1419,12,116,0.0
1420,12,118,0.4
1421,12,119,1.0
1422,12,120,0.5714285714285714
1423,12,121,0.6666666666666666
1424,12,122,0.5
1425,12,123,0.5
1426,12,125,1.0
1427,12,126,0.0
1428,12,127,0.6
1429,12,129,0.4
1430,12,130,0.5714285714285714
1431,12,131,0.42857142857142855
1432,12,132,0.8333333333333334
1433,12,133,0.14285714285714285
1434,12,134,0.5714285714285714
1435,12,135,0.2
1436,12,136,0.625
1437,12,137,1.0
1438,12,138,0.6
1439,12,139,1.0
1440,12,140,0.0
1441,12,141,0.8333333333333334
1442,12,142,0.5
1443,12,143,0.5714285714285714
1444,12,148,1.0
1445,12,149,0.5
1446,12,150,1.0
1447,13,1,0.75
1448,13,2,0.8
1449,13,7,0.4
1450,13,10,1.0
1451,13,11,0.875
1452,13,12,0.5
1453,13,13,0.5
1454,13,15,1.0
1455,13,16,0.3333333333333333
1456,13,17,1.0
1457,13,18,1.0
1458,13,19,0.0
1459,13,20,0.0
1460,13,21,0.6666666666666666
1461,13,22,0.8888888888888888
1462,13,24,0.75
1463,13,25,1.0
1464,13,26,0.0
1465,13,28,0.6666666666666666
1466,13,30,0.25
1467,13,31,0.0
1468,13,33,0.8
1469,13,34,0.4
1470,13,35,0.0
1471,13,36,0.16666666666666666
1472,13,38,0.0
1473,13,39,0.5
1474,13,41,0.75
1475,13,43,0.0
1476,13,44,1.0
1477,13,46,0.6666666666666666
1478,13,47,0.25
1479,13,48,1.0
1480,13,49,0.7
1481,13,50,0.1
1482,13,51,0.5
1483,13,52,0.5
1484,13,53,0.42857142857142855
1485,13,54,0.5
1486,13,55,0.2222222222222222
1487,13,56,0.4
1488,13,57,1.0
1489,13,58,0.2
1490,13,59,0.6363636363636364
1491,13,60,0.9166666666666666
1492,13,61,1.0
1493,13,62,0.3333333333333333
1494,13,63,0.7
1495,13,64,0.7142857142857143
1496,13,65,0.42857142857142855
1497,13,66,0.5454545454545454
1498,13,67,0.8
1499,13,68,0.8333333333333334
1500,13,69,0.625
1501,13,70,0.8571428571428571
1502,13,71,0.2
1503,13,72,0.9
1504,13,73,1.0
1505,13,74,0.75
1506,13,75,0.0
1507,13,76,0.875
1508,13,77,1.0
1509,13,78,1.0
1510,13,79,0.25
1511,13,80,0.42857142857142855
1512,13,81,0.6666666666666666
1513,13,82,0.4444444444444444
1514,13,83,0.0
1515,13,84,0.8
1516,13,85,0.14285714285714285
1517,13,86,0.42857142857142855
1518,13,87,0.875
1519,13,88,0.25
1520,13,89,0.75
1521,13,90,1.0
1522,13,91,0.25
1523,13,92,0.7142857142857143
1524,13,93,0.75
1525,13,94,0.625
1526,13,95,0.6666666666666666
1527,13,96,1.0
1528,13,97,0.8333333333333334
1529,13,98,0.875
1530,13,99,0.5555555555555556
1531,13,100,1.0
1532,13,101,0.6
1533,13,102,0.4545454545454545
1534,13,103,0.5
1535,13,105,0.6666666666666666
1536,13,106,0.625
1537,13,108,1.0
1538,13,110,0.8333333333333334
1539,13,111,0.14285714285714285
1540,13,112,0.7142857142857143
1541,13,113,0.0
1542,13,114,0.2
1543,13,115,0.6
1544,13,116,0.7142857142857143
1545,13,117,0.5
1546,13,118,0.6666666666666666
1547,13,119,0.5
1548,13,120,1.0
1549,13,121,0.4
1550,13,122,0.7
1551,13,123,0.6
1552,13,124,0.16666666666666666
1553,13,126,1.0
1554,13,127,0.42857142857142855
1555,13,128,0.8
1556,13,129,0.5714285714285714
1557,13,130,0.25
1558,13,131,0.14285714285714285
1559,13,132,0.5555555555555556
1560,13,133,0.5
1561,13,134,0.75
1562,13,135,0.875
1563,13,137,0.8333333333333334
1564,13,138,0.7777777777777778
1565,13,139,0.7142857142857143
1566,13,140,0.5
1567,13,141,0.42857142857142855
1568,13,142,0.0
1569,13,143,1.0
1570,13,145,1.0
1571,13,146,0.5
1572,13,148,0.8571428571428571
1573,13,149,0.2222222222222222
1574,13,150,0.2
1575,14,1,0.6666666666666666
1576,14,2,0.8
1577,14,3,0.7142857142857143
1578,14,4,1.0
1579,14,5,1.0
1580,14,6,0.75
1581,14,7,0.8
1582,14,8,1.0
1583,14,9,0.8333333333333334
1584,14,10,0.8333333333333334
1585,14,11,0.8333333333333334
1586,14,12,1.0
1587,14,13,0.7142857142857143
1588,14,14,0.8333333333333334
1589,14,15,1.0
1590,14,16,1.0
1591,14,17,1.0
1592,14,18,1.0
1593,14,19,0.6666666666666666
1594,14,20,0.75
1595,14,21,0.75
1596,14,22,0.5
1597,14,23,0.75
1598,14,24,1.0
1599,14,25,0.8888888888888888
1600,14,26,0.7272727272727273
1601,14,27,0.8888888888888888
1602,14,28,0.6666666666666666
1603,14,29,0.9090909090909092
1604,14,30,1.0
1605,14,31,1.0
1606,14,32,1.0
1607,14,33,1.0
1608,14,34,1.0
1609,14,35,0.625
1610,14,36,0.8181818181818182
1611,14,37,0.7777777777777778
1612,14,38,0.5
1613,14,39,0.8571428571428571
1614,14,40,0.8333333333333334
1615,14,41,0.8571428571428571
1616,14,42,1.0
1617,14,43,0.75
1618,14,44,0.8333333333333334
1619,14,45,0.875
1620,14,46,1.0
1621,14,47,1.0
1622,14,48,1.0
1623,14,49,1.0
1624,14,50,1.0
1625,14,51,1.0
1626,14,52,0.6666666666666666
1627,14,53,1.0
1628,14,54,0.75
1629,14,55,0.6666666666666666
1630,14,56,0.3333333333333333
1631,14,58,0.5
1632,14,59,1.0
1633,14,62,1.0
1634,14,63,1.0
1635,14,65,0.6
1636,14,66,0.3333333333333333
1637,14,68,0.5
1638,14,71,1.0
1639,14,72,1.0
1640,14,74,1.0
1641,14,75,0.75
1642,14,76,1.0
1643,14,78,0.6
1644,14,80,0.6
1645,14,82,0.75
1646,14,83,0.5
1647,14,84,1.0
1648,14,85,1.0
1649,14,87,1.0
1650,14,88,1.0
1651,14,89,1.0
1652,14,90,0.5
1653,14,91,1.0
1654,14,92,1.0
1655,14,93,0.6666666666666666
1656,14,94,1.0
1657,14,95,1.0
1658,14,97,1.0
1659,14,98,1.0
1660,14,100,0.5
1661,14,102,0.6666666666666666
1662,14,103,0.3333333333333333
1663,14,105,1.0
1664,14,106,0.5
1665,14,107,0.5
1666,14,108,0.75
1667,14,111,0.5
1668,14,112,1.0
1669,14,113,1.0
1670,14,115,0.5
1671,14,116,0.5
1672,14,118,1.0
1673,14,119,1.0
1674,14,121,0.3333333333333333
1675,14,123,0.5
1676,14,124,1.0
1677,14,126,1.0
1678,14,130,0.75
1679,14,131,0.5
1680,14,134,1.0
1681,14,135,1.0
1682,14,137,1.0
1683,14,138,1.0
1684,14,139,1.0
1685,14,140,1.0
1686,14,141,0.5
1687,14,144,0.6666666666666666
1688,14,145,1.0
1689,14,146,1.0
1690,14,147,0.8
1691,14,148,1.0
1692,14,149,1.0
1693,14,150,0.6666666666666666
1694,15,7,1.0
1695,15,8,1.0
1696,15,9,1.0
1697,15,10,0.875
1698,15,11,0.8
1699,15,12,0.6363636363636364
1700,15,13,0.75
1701,15,14,1.0
1702,15,15,0.9090909090909092
1703,15,16,1.0
1704,15,17,1.0
1705,15,18,1.0
1706,15,19,0.9166666666666666
1707,15,20,0.9166666666666666
1708,15,21,0.8888888888888888
1709,15,22,1.0
1710,15,23,0.8571428571428571
1711,15,24,1.0
1712,15,25,1.0
1713,15,26,0.8333333333333334
1714,15,27,0.6
1715,15,28,0.8571428571428571
1716,15,29,0.8
1717,15,30,0.8333333333333334
1718,15,31,1.0
1719,15,32,0.8333333333333334
1720,15,33,1.0
1721,15,34,1.0
1722,15,35,0.8571428571428571
1723,15,36,0.75
1724,15,37,1.0
1725,15,38,0.875
1726,15,39,1.0
1727,15,40,0.0
1728,15,41,1.0
1729,15,42,1.0
1730,15,43,0.8888888888888888
1731,15,44,1.0
1732,15,45,0.9333333333333332
1733,15,46,0.875
1734,15,47,0.75
1735,15,48,1.0
1736,15,49,1.0
1737,15,50,0.0
1738,15,51,1.0
1739,15,53,0.0
1740,15,54,1.0
1741,15,55,1.0
1742,15,56,0.0
1743,15,57,1.0
1744,15,59,1.0
1745,15,62,1.0
1746,15,64,1.0
1747,15,65,0.6666666666666666
1748,15,68,0.6666666666666666
1749,15,70,1.0
1750,15,71,1.0
1751,15,72,0.6666666666666666
1752,15,73,1.0
1753,15,74,1.0
1754,15,75,0.5
1755,15,76,1.0
1756,15,78,1.0
1757,15,79,1.0
1758,15,82,1.0
1759,15,83,1.0
1760,15,85,1.0
1761,15,86,0.0
1762,15,87,1.0
1763,15,88,0.0
1764,15,89,0.0
1765,15,91,1.0
1766,15,92,0.0
1767,15,93,1.0
1768,15,94,0.5
1769,15,97,1.0
1770,15,98,1.0
1771,15,99,0.6
1772,15,101,1.0
1773,15,103,0.6666666666666666
1774,15,104,0.75
1775,15,105,1.0
1776,15,106,0.5
1777,15,108,1.0
1778,15,109,1.0
1779,15,110,1.0
1780,15,111,1.0
1781,15,112,1.0
1782,15,113,1.0
1783,15,114,1.0
1784,15,115,1.0
1785,15,116,0.9166666666666666
1786,15,118,1.0
1787,15,119,0.0
1788,15,120,0.8888888888888888
1789,15,121,0.8888888888888888
1790,15,122,0.3333333333333333
1791,15,123,0.5
1792,15,124,1.0
1793,15,125,1.0
1794,15,126,0.6666666666666666
1795,15,127,1.0
1796,15,128,1.0
1797,15,129,1.0
1798,15,130,1.0
1799,15,131,1.0
1800,15,132,0.0
1801,15,135,1.0
1802,15,136,0.75
1803,15,137,1.0
1804,15,138,1.0
1805,15,139,1.0
1806,15,140,0.0
1807,15,141,0.0
1808,15,142,1.0
1809,15,149,0.6666666666666666
1810,15,150,0.5
1811,16,1,1.0
1812,16,2,1.0
1813,16,3,1.0
1814,16,4,1.0
1815,16,5,0.75
1816,16,6,0.25
1817,16,7,0.6666666666666666
1818,16,9,1.0
1819,16,10,1.0
1820,16,11,0.6666666666666666
1821,16,12,1.0
1822,16,13,1.0
1823,16,14,1.0
1824,16,15,1.0
1825,16,16,0.3333333333333333
1826,16,17,1.0
1827,16,18,1.0
1828,16,19,0.75
1829,16,20,1.0
1830,16,21,0.6
1831,16,23,0.6
1832,16,24,1.0
1833,16,25,0.6666666666666666
1834,16,26,0.4
1835,16,27,0.5
1836,16,28,0.75
1837,16,29,1.0
1838,16,30,0.8
1839,16,31,0.6666666666666666
1840,16,32,0.4
1841,16,33,1.0
1842,16,34,1.0
1843,16,35,0.5
1844,16,36,1.0
1845,16,37,1.0
1846,16,38,0.6
1847,16,39,1.0
1848,16,40,0.6666666666666666
1849,16,41,0.5
1850,16,42,0.3333333333333333
1851,16,43,0.6
1852,16,44,1.0
1853,16,45,1.0
1854,16,46,0.5
1855,16,47,0.3333333333333333
1856,16,48,1.0
1857,16,49,1.0
1858,16,50,0.25
1859,16,51,0.8888888888888888
1860,16,52,0.7142857142857143
1861,16,53,0.4
1862,16,54,0.8571428571428571
1863,16,56,0.5
1864,16,58,0.4545454545454545
1865,16,59,0.5555555555555556
1866,16,61,1.0
1867,16,62,0.8
1868,16,65,0.8
1869,16,66,1.0
1870,16,68,0.75
1871,16,71,0.75
1872,16,72,1.0
1873,16,73,1.0
1874,16,74,0.5
1875,16,75,0.6
1876,16,76,0.75
1877,16,78,0.5
1878,16,80,0.6666666666666666
1879,16,81,1.0
1880,16,82,0.8333333333333334
1881,16,83,0.4
1882,16,84,0.9
1883,16,85,0.75
1884,16,86,0.75
1885,16,87,0.4
1886,16,88,0.4166666666666667
1887,16,89,1.0
1888,16,90,0.8
1889,16,91,0.6666666666666666
1890,16,92,0.5
1891,16,93,1.0
1892,16,95,0.6666666666666666
1893,16,97,0.5
1894,16,98,0.75
1895,16,100,0.6
1896,16,101,1.0
1897,16,102,0.5
1898,16,103,1.0
1899,16,106,0.5
1900,16,107,0.7142857142857143
1901,16,108,0.5
1902,16,109,0.7777777777777778
1903,16,111,0.625
1904,16,112,0.6666666666666666
1905,16,113,0.75
1906,16,114,0.8333333333333334
1907,16,116,0.4
1908,16,117,0.6666666666666666
1909,16,118,0.8888888888888888
1910,16,119,0.75
1911,16,121,0.4444444444444444
1912,16,123,0.6
1913,16,124,0.75
1914,16,126,0.6666666666666666
1915,16,127,1.0
1916,16,130,0.6
1917,16,131,0.5
1918,16,132,0.6666666666666666
1919,16,133,0.8
1920,16,134,1.0
1921,16,136,1.0
1922,16,138,0.3333333333333333
1923,16,139,0.8
1924,16,140,1.0
1925,16,141,0.16666666666666666
1926,16,143,0.6
1927,16,144,0.75
1928,16,145,1.0
1929,16,146,0.6666666666666666
1930,16,147,1.0
1931,16,149,0.4
1932,16,150,1.0
